{
  "actors": [
    {
      "actorId": 1,
      "firstName": "PENELOPE",
      "lastName": "GUINESS",
      "lastUpdate": 1139988873000
    },
    {
      "actorId": 2,
      "firstName": "NICK",
      "lastName": "WAHLBERG",
      "lastUpdate": 1139988873000
    },
    {
      "actorId": 3,
      "firstName": "ED",
      "lastName": "CHASE",
      "lastUpdate": 1139988873000
    },
    {
      "actorId": 4,
      "firstName": "JENNIFER",
      "lastName": "DAVIS",
      "lastUpdate": 1139988873000
    },
    {
      "actorId": 5,
      "firstName": "JOHNNY",
      "lastName": "LOLLOBRIGIDA",
      "lastUpdate": 1139988873000
    },
    {
      "actorId": 6,
      "firstName": "BETTE",
      "lastName": "NICHOLSON",
      "lastUpdate": 1139988873000
    },
    {
      "actorId": 7,
      "firstName": "GRACE",
      "lastName": "MOSTEL",
      "lastUpdate": 1139988873000
    },
    {
      "actorId": 8,
      "firstName": "MATTHEW",
      "lastName": "JOHANSSON",
      "lastUpdate": 1139988873000
    },
    {
      "actorId": 9,
      "firstName": "JOE",
      "lastName": "SWANK",
      "lastUpdate": 1139988873000
    },
    {
      "actorId": 10,
      "firstName": "CHRISTIAN",
      "lastName": "GABLE",
      "lastUpdate": 1139988873000
    }
  ]
}
